CustomerID,Gender,Age,Income,SpendingScore,Segment,ChurnRisk,RevenueOpportunity,FinancialHealthScore
1000,M,39.0,59.9,58.0,Budget,Low Risk,Medium Opportunity,58.8
1001,M,34.0,48.4,37.0,Budget,Medium Risk,Low Opportunity,41.6
1002,F,40.0,70.5,26.0,Potential,High Risk,High Opportunity,43.8
1003,F,47.0,81.1,30.0,Potential,Medium Risk,High Opportunity,50.4
1004,F,33.0,42.1,58.0,Budget,Low Risk,Low Opportunity,51.6
1005,M,33.0,36.7,73.0,Impulsive,Low Risk,Low Opportunity,58.5
1006,F,48.0,90.4,34.0,Potential,Medium Risk,High Opportunity,56.6
1007,F,41.0,74.8,35.0,Potential,Medium Risk,High Opportunity,50.9
1008,F,31.0,42.3,43.0,Budget,Medium Risk,Low Opportunity,42.7
1009,M,39.0,48.6,61.0,Impulsive,Low Risk,Low Opportunity,56.0
1010,M,31.0,21.2,52.0,Budget,Low Risk,Low Opportunity,39.7
1011,M,31.0,47.2,67.0,Impulsive,Low Risk,Low Opportunity,59.1
1012,M,37.0,45.4,48.0,Budget,Medium Risk,Low Opportunity,47.0
1013,F,20.0,15.0,78.0,Impulsive,Low Risk,Low Opportunity,52.8
1014,F,21.0,25.9,65.0,Impulsive,Low Risk,Low Opportunity,49.4
1015,F,31.0,35.3,54.0,Budget,Low Risk,Low Opportunity,46.5
1016,F,27.0,39.7,49.0,Budget,Medium Risk,Low Opportunity,45.3
1017,M,38.0,55.9,43.0,Budget,Medium Risk,Medium Opportunity,48.2
1018,M,28.0,38.5,59.0,Budget,Low Risk,Low Opportunity,50.8
1019,M,24.0,15.0,64.0,Impulsive,Low Risk,Low Opportunity,44.4
1020,F,47.0,89.0,23.0,Potential,High Risk,High Opportunity,49.4
1021,M,33.0,44.1,51.0,Budget,Low Risk,Low Opportunity,48.2
1022,M,36.0,44.4,52.0,Budget,Low Risk,Low Opportunity,49.0
1023,F,24.0,26.9,37.0,Budget,Medium Risk,Low Opportunity,33.0
1024,F,31.0,24.2,65.0,Impulsive,Low Risk,Low Opportunity,48.7
1025,M,36.0,50.7,39.0,Budget,Medium Risk,Medium Opportunity,43.7
1026,M,,21.2,50.0,Budget,Low Risk,Low Opportunity,38.5
1027,M,38.0,40.2,36.0,Budget,Medium Risk,Low Opportunity,37.7
1028,M,30.0,24.4,42.0,Budget,Medium Risk,Low Opportunity,35.0
1029,M,33.0,50.9,36.0,Budget,Medium Risk,Medium Opportunity,42.0
1030,M,30.0,31.6,50.0,Budget,Low Risk,Low Opportunity,42.6
1031,F,50.0,99.1,42.0,Potential,Medium Risk,Medium Opportunity,64.8
1032,F,35.0,41.3,48.0,Budget,Medium Risk,Low Opportunity,45.3
1033,F,27.0,17.5,65.0,Impulsive,Low Risk,Low Opportunity,46.0
1034,M,42.0,62.1,46.0,Budget,Medium Risk,Medium Opportunity,52.4
1035,F,25.0,37.5,56.0,Budget,Low Risk,Low Opportunity,48.6
1036,M,37.0,48.0,49.0,Budget,Medium Risk,Low Opportunity,48.6
1037,M,19.0,15.0,50.0,Budget,Low Risk,Low Opportunity,36.0
1038,F,24.0,27.1,73.0,Impulsive,Low Risk,Low Opportunity,54.6
1039,M,37.0,53.2,66.0,Impulsive,Low Risk,Low Opportunity,60.9
1040,M,41.0,87.7,16.0,Potential,High Risk,High Opportunity,44.7
1041,F,36.0,59.0,35.0,Budget,Medium Risk,Medium Opportunity,44.6
1042,F,34.0,40.9,51.0,Budget,Low Risk,Low Opportunity,47.0
1043,F,33.0,31.4,48.0,Budget,Medium Risk,Low Opportunity,41.4
1044,M,23.0,20.7,66.0,Impulsive,Low Risk,Low Opportunity,47.9
1045,F,29.0,36.9,48.0,Budget,Medium Risk,Low Opportunity,43.6
1046,F,31.0,30.7,79.0,Impulsive,Low Risk,Low Opportunity,59.7
1047,M,43.0,64.9,53.0,Budget,Low Risk,Medium Opportunity,57.8
1048,F,38.0,53.8,49.0,Budget,Medium Risk,Medium Opportunity,50.9
1049,F,21.0,20.0,71.0,Impulsive,Low Risk,Low Opportunity,50.6
1050,F,38.0,51.3,59.0,Budget,Low Risk,Medium Opportunity,55.9
1051,M,32.0,34.1,51.0,Budget,Low Risk,Low Opportunity,44.2
1052,M,30.0,34.8,48.0,Budget,Medium Risk,Low Opportunity,42.7
1053,M,40.0,70.0,41.0,Budget,Medium Risk,Medium Opportunity,52.6
1054,M,43.0,82.3,42.0,Potential,Medium Risk,Medium Opportunity,58.1
1055,F,42.0,77.7,37.0,Potential,Medium Risk,High Opportunity,53.3
1056,M,28.0,18.2,47.0,Budget,Medium Risk,Low Opportunity,35.5
1057,M,33.0,34.6,48.0,Budget,Medium Risk,Low Opportunity,42.6
1058,F,38.0,39.0,52.0,Budget,Low Risk,Low Opportunity,46.8
1059,F,43.0,70.5,38.0,Potential,Medium Risk,High Opportunity,51.0
1060,F,31.0,37.7,75.0,Impulsive,Low Risk,Low Opportunity,60.1
1061,M,34.0,32.2,43.0,Budget,Medium Risk,Low Opportunity,38.7
1062,M,26.0,22.0,66.0,Impulsive,Low Risk,Low Opportunity,48.4
1063,M,25.0,19.6,77.0,Impulsive,Low Risk,Low Opportunity,54.0
1064,F,42.0,80.9,57.0,Potential,Low Risk,Medium Opportunity,66.6
1065,F,46.0,77.7,30.0,Potential,Medium Risk,High Opportunity,49.1
1066,M,34.0,38.0,59.0,Budget,Low Risk,Low Opportunity,50.6
1067,F,,79.1,41.0,Potential,Medium Risk,Medium Opportunity,56.2
1068,F,38.0,46.6,52.0,Budget,Low Risk,Low Opportunity,49.8
1069,F,30.0,34.4,55.0,Budget,Low Risk,Low Opportunity,46.8
1070,M,38.0,64.4,47.0,Budget,Medium Risk,Medium Opportunity,54.0
1071,F,47.0,89.1,3.0,Potential,High Risk,High Opportunity,37.4
1072,F,35.0,35.2,62.0,Impulsive,Low Risk,Low Opportunity,51.3
1073,M,48.0,98.1,26.0,Potential,High Risk,High Opportunity,54.8
1074,M,18.0,21.5,56.0,Budget,Low Risk,Low Opportunity,42.2
1075,F,42.0,62.8,62.0,Impulsive,Low Risk,Low Opportunity,62.3
1076,F,36.0,54.0,41.0,Budget,Medium Risk,Medium Opportunity,46.2
1077,M,33.0,54.3,44.0,Budget,Medium Risk,Medium Opportunity,48.1
1078,M,36.0,38.4,74.0,Impulsive,Low Risk,Low Opportunity,59.8
1079,F,19.0,15.0,53.0,Budget,Low Risk,Low Opportunity,37.8
1080,F,33.0,50.1,44.0,Budget,Medium Risk,Medium Opportunity,46.4
1081,F,38.0,53.2,46.0,Budget,Medium Risk,Medium Opportunity,48.9
1082,F,47.0,86.9,38.0,Potential,Medium Risk,High Opportunity,57.6
1083,M,31.0,41.1,56.0,Budget,Low Risk,Low Opportunity,50.0
1084,F,29.0,37.9,42.0,Budget,Medium Risk,Low Opportunity,40.4
1085,F,31.0,27.8,54.0,Budget,Low Risk,Low Opportunity,43.5
1086,M,42.0,84.3,27.0,Potential,High Risk,High Opportunity,49.9
1087,F,38.0,60.4,44.0,Budget,Medium Risk,Medium Opportunity,50.6
1088,M,31.0,36.6,60.0,Budget,Low Risk,Low Opportunity,50.6
1089,F,39.0,52.5,52.0,Budget,Low Risk,Medium Opportunity,52.2
1090,F,36.0,35.2,37.0,Budget,Medium Risk,Low Opportunity,36.3
1091,M,43.0,69.3,50.0,Budget,Low Risk,Medium Opportunity,57.7
1092,M,29.0,39.4,57.0,Budget,Low Risk,Low Opportunity,50.0
1093,F,32.0,39.7,68.0,Impulsive,Low Risk,Low Opportunity,56.7
1094,F,32.0,49.2,55.0,Budget,Low Risk,Low Opportunity,52.7
1095,F,23.0,21.3,72.0,Impulsive,Low Risk,Low Opportunity,51.7
1096,M,37.0,53.7,52.0,Budget,Low Risk,Medium Opportunity,52.7
1097,F,37.0,41.0,66.0,Impulsive,Low Risk,Low Opportunity,56.0
1098,M,35.0,45.4,57.0,Budget,Low Risk,Low Opportunity,52.4
1099,M,33.0,40.6,53.0,Budget,Low Risk,Low Opportunity,48.0
1100,F,24.0,27.6,81.0,Impulsive,Low Risk,Low Opportunity,59.6
1101,M,32.0,37.2,64.0,Impulsive,Low Risk,Low Opportunity,53.3
1102,F,32.0,39.1,60.0,Budget,Low Risk,Low Opportunity,51.6
1103,F,29.0,41.4,41.0,Budget,Medium Risk,Low Opportunity,41.2
1104,F,34.0,40.3,41.0,Budget,Medium Risk,Low Opportunity,40.7
1105,F,38.0,38.1,,Budget,Low Risk,Low Opportunity,
1106,F,50.0,104.9,21.0,Potential,High Risk,High Opportunity,54.6
1107,M,36.0,58.5,40.0,Budget,Medium Risk,Medium Opportunity,47.4
1108,M,37.0,38.9,55.0,Budget,Low Risk,Low Opportunity,48.6
1109,F,34.0,49.3,66.0,Impulsive,Low Risk,Low Opportunity,59.3
1110,F,20.0,15.0,69.0,Impulsive,Low Risk,Low Opportunity,47.4
1111,M,35.0,47.7,39.0,Budget,Medium Risk,Low Opportunity,42.5
1112,M,35.0,48.0,49.0,Budget,Medium Risk,Low Opportunity,48.6
1113,M,55.0,97.7,10.0,Potential,High Risk,High Opportunity,45.1
1114,M,33.0,35.7,52.0,Budget,Low Risk,Low Opportunity,45.5
1115,F,37.0,43.7,47.0,Budget,Medium Risk,Low Opportunity,45.7
1116,F,35.0,38.3,49.0,Budget,Medium Risk,Low Opportunity,44.7
1117,M,26.0,22.7,,Budget,Low Risk,Low Opportunity,
1118,F,44.0,77.5,34.0,Potential,Medium Risk,High Opportunity,51.4
1119,M,41.0,78.7,30.0,Potential,Medium Risk,High Opportunity,49.5
1120,F,41.0,79.7,6.0,Potential,High Risk,High Opportunity,35.5
1121,M,28.0,44.9,72.0,Impulsive,Low Risk,Low Opportunity,61.2
1122,F,46.0,79.5,44.0,Potential,Medium Risk,Medium Opportunity,58.2
1123,M,24.0,27.7,54.0,Budget,Low Risk,Low Opportunity,43.5
1124,M,40.0,80.0,36.0,Potential,Medium Risk,High Opportunity,53.6
1125,F,53.0,100.1,8.0,Potential,High Risk,High Opportunity,44.8
1126,M,27.0,31.8,74.0,Impulsive,Low Risk,Low Opportunity,57.1
1127,F,30.0,42.5,72.0,Impulsive,Low Risk,Low Opportunity,60.2
1128,F,36.0,51.3,50.0,Budget,Low Risk,Medium Opportunity,50.5
1129,M,31.0,28.5,69.0,Impulsive,Low Risk,Low Opportunity,52.8
1130,F,23.0,31.0,58.0,Budget,Low Risk,Low Opportunity,47.2
1131,F,36.0,54.5,34.0,Budget,Medium Risk,Medium Opportunity,42.2
1132,F,27.0,25.1,56.0,Budget,Low Risk,Low Opportunity,43.6
1133,F,39.0,53.1,48.0,Budget,Medium Risk,Medium Opportunity,50.0
1134,F,,38.5,50.0,Budget,Low Risk,Low Opportunity,45.4
1135,M,47.0,82.7,29.0,Potential,High Risk,High Opportunity,50.5
1136,F,29.0,43.4,52.0,Budget,Low Risk,Low Opportunity,48.6
1137,F,32.0,59.1,45.0,Budget,Medium Risk,Medium Opportunity,50.6
1138,F,42.0,66.2,41.0,Budget,Medium Risk,Medium Opportunity,51.1
1139,F,25.0,16.6,52.0,Budget,Low Risk,Low Opportunity,37.8
1140,F,37.0,51.6,41.0,Budget,Medium Risk,Medium Opportunity,45.2
1141,M,45.0,87.6,18.0,Potential,High Risk,High Opportunity,45.8
1142,F,22.0,20.4,70.0,Impulsive,Low Risk,Low Opportunity,50.2
1143,M,36.0,59.0,25.0,Budget,Medium Risk,Medium Opportunity,38.6
1144,M,37.0,38.5,65.0,Impulsive,Low Risk,Low Opportunity,54.4
1145,M,41.0,74.8,52.0,Potential,Low Risk,Medium Opportunity,61.1
1146,M,25.0,22.8,57.0,Budget,Low Risk,Low Opportunity,43.3
1147,F,24.0,39.6,27.0,Budget,Medium Risk,Low Opportunity,32.0
1148,M,39.0,68.7,37.0,Budget,Medium Risk,Medium Opportunity,49.7
1149,M,37.0,43.1,51.0,Budget,Low Risk,Low Opportunity,47.8
1150,F,37.0,44.8,41.0,Budget,Medium Risk,Low Opportunity,42.5
1151,F,38.0,57.9,40.0,Budget,Medium Risk,Medium Opportunity,47.2
1152,F,30.0,33.5,72.0,Impulsive,Low Risk,Low Opportunity,56.6
1153,M,37.0,48.8,56.0,Budget,Low Risk,Low Opportunity,53.1
1154,F,37.0,49.4,40.0,Budget,Medium Risk,Low Opportunity,43.8
1155,F,29.0,19.4,46.0,Budget,Medium Risk,Low Opportunity,35.4
1156,M,50.0,84.7,25.0,Potential,High Risk,High Opportunity,48.9
1157,F,39.0,47.3,47.0,Budget,Medium Risk,Low Opportunity,47.1
1158,F,25.0,23.7,65.0,Impulsive,Low Risk,Low Opportunity,48.5
1159,F,40.0,82.1,30.0,Potential,Medium Risk,High Opportunity,50.8
1160,F,27.0,21.1,66.0,Impulsive,Low Risk,Low Opportunity,48.0
1161,M,41.0,87.9,52.0,Potential,Low Risk,Medium Opportunity,66.4
1162,F,44.0,84.9,40.0,Potential,Medium Risk,Medium Opportunity,58.0
1163,F,28.0,30.8,57.0,Budget,Low Risk,Low Opportunity,46.5
1164,M,43.0,86.4,30.0,Potential,Medium Risk,High Opportunity,52.6
1165,F,38.0,53.7,44.0,Budget,Medium Risk,Medium Opportunity,47.9
1166,M,42.0,81.7,46.0,Potential,Medium Risk,Medium Opportunity,60.3
1167,F,50.0,92.6,19.0,Potential,High Risk,High Opportunity,48.4
1168,M,33.0,39.3,55.0,Budget,Low Risk,Low Opportunity,48.7
1169,M,29.0,29.9,59.0,Budget,Low Risk,Low Opportunity,47.4
1170,M,28.0,24.3,55.0,Budget,Low Risk,Low Opportunity,42.7
1171,M,28.0,26.4,46.0,Budget,Medium Risk,Low Opportunity,38.2
1172,F,34.0,67.4,46.0,Budget,Medium Risk,Medium Opportunity,54.6
1173,M,38.0,61.0,44.0,Budget,Medium Risk,Medium Opportunity,50.8
1174,F,37.0,38.4,59.0,Budget,Low Risk,Low Opportunity,50.8
1175,M,42.0,70.0,34.0,Budget,Medium Risk,Medium Opportunity,48.4
1176,M,35.0,49.5,62.0,Impulsive,Low Risk,Low Opportunity,57.0
1177,M,47.0,85.6,21.0,Potential,High Risk,High Opportunity,46.8
1178,F,33.0,46.4,68.0,Impulsive,Low Risk,Low Opportunity,59.4
1179,M,57.0,88.8,2.0,Potential,High Risk,High Opportunity,36.7
1180,F,40.0,68.2,45.0,Budget,Medium Risk,Medium Opportunity,54.3
1181,F,28.0,35.6,60.0,Budget,Low Risk,Low Opportunity,50.2
1182,F,26.0,30.1,50.0,Budget,Low Risk,Low Opportunity,42.0
1183,F,39.0,35.0,59.0,Budget,Low Risk,Low Opportunity,49.4
1184,F,33.0,40.2,67.0,Impulsive,Low Risk,Low Opportunity,56.3
1185,F,41.0,73.9,16.0,Potential,High Risk,High Opportunity,39.2
1186,F,39.0,54.2,52.0,Budget,Low Risk,Medium Opportunity,52.9
1187,F,34.0,,18.0,Budget,Medium Risk,Low Opportunity,
1188,F,28.0,35.9,46.0,Budget,Medium Risk,Low Opportunity,42.0
1189,M,23.0,21.5,77.0,Impulsive,Low Risk,Low Opportunity,54.8
1190,M,31.0,45.8,46.0,Budget,Medium Risk,Low Opportunity,45.9
1191,M,42.0,82.5,22.0,Potential,High Risk,High Opportunity,46.2
1192,M,37.0,52.6,46.0,Budget,Medium Risk,Medium Opportunity,48.6
1193,M,25.0,32.5,77.0,Impulsive,Low Risk,Low Opportunity,59.2
1194,F,36.0,63.9,25.0,Budget,High Risk,Medium Opportunity,40.6
1195,F,38.0,42.0,41.0,Budget,Medium Risk,Low Opportunity,41.4
1196,F,28.0,36.8,70.0,Impulsive,Low Risk,Low Opportunity,56.7
1197,F,36.0,40.0,72.0,Impulsive,Low Risk,Low Opportunity,59.2
1198,F,35.0,50.0,48.0,Budget,Medium Risk,Low Opportunity,48.8
1199,F,26.0,22.1,48.0,Budget,Medium Risk,Low Opportunity,37.6
1200,F,38.0,47.7,71.0,Impulsive,Low Risk,Low Opportunity,61.7
1201,M,39.0,50.4,64.0,Impulsive,Low Risk,Low Opportunity,58.6
1202,M,44.0,87.2,38.0,Potential,Medium Risk,High Opportunity,57.7
1203,M,43.0,79.7,27.0,Potential,High Risk,High Opportunity,48.1
1204,M,24.0,15.8,62.0,Impulsive,Low Risk,Low Opportunity,43.5
1205,F,27.0,31.6,56.0,Budget,Low Risk,Low Opportunity,46.2
1206,F,39.0,47.1,53.0,Budget,Low Risk,Low Opportunity,50.6
1207,F,39.0,42.7,66.0,Impulsive,Low Risk,Low Opportunity,56.7
1208,M,39.0,51.1,57.0,Budget,Low Risk,Medium Opportunity,54.6
1209,F,66.0,98.9,1.0,Potential,High Risk,High Opportunity,40.2
1210,F,40.0,86.0,47.0,Potential,Medium Risk,Medium Opportunity,62.6
1211,F,44.0,82.6,36.0,Potential,Medium Risk,High Opportunity,54.6
1212,M,43.0,59.0,50.0,Budget,Low Risk,Medium Opportunity,53.6
1213,F,40.0,66.6,56.0,Budget,Low Risk,Medium Opportunity,60.2
1214,M,32.0,48.4,39.0,Budget,Medium Risk,Low Opportunity,42.8
1215,M,41.0,94.2,30.0,Potential,Medium Risk,High Opportunity,55.7
1216,M,29.0,22.1,56.0,Budget,Low Risk,Low Opportunity,42.4
1217,M,33.0,27.0,43.0,Budget,Medium Risk,Low Opportunity,36.6
1218,F,31.0,53.4,52.0,Budget,Low Risk,Medium Opportunity,52.6
1219,M,36.0,50.5,74.0,Impulsive,Low Risk,Low Opportunity,64.6
1220,M,54.0,86.7,5.0,Potential,High Risk,High Opportunity,37.7
1221,F,20.0,22.9,59.0,Budget,Low Risk,Low Opportunity,44.6
1222,F,40.0,53.1,53.0,Budget,Low Risk,Medium Opportunity,53.0
1223,M,22.0,22.2,61.0,Impulsive,Low Risk,Low Opportunity,45.5
1224,F,31.0,41.0,52.0,Budget,Low Risk,Low Opportunity,47.6
1225,M,44.0,82.8,20.0,Potential,High Risk,High Opportunity,45.1
1226,M,36.0,39.3,56.0,Budget,Low Risk,Low Opportunity,49.3
1227,M,26.0,30.1,50.0,Budget,Low Risk,Low Opportunity,42.0
1228,M,29.0,27.4,37.0,Budget,Medium Risk,Low Opportunity,33.2
1229,F,40.0,76.1,50.0,Potential,Low Risk,Medium Opportunity,60.4
1230,M,29.0,27.6,69.0,Impulsive,Low Risk,Low Opportunity,52.4
1231,F,37.0,45.9,51.0,Budget,Low Risk,Low Opportunity,49.0
1232,F,35.0,37.6,57.0,Budget,Low Risk,Low Opportunity,49.2
1233,F,30.0,41.8,64.0,Impulsive,Low Risk,Low Opportunity,55.1
1234,F,52.0,90.3,26.0,Potential,High Risk,High Opportunity,51.7
1235,M,40.0,65.1,51.0,Budget,Low Risk,Medium Opportunity,56.6
1236,F,19.0,17.1,58.0,Budget,Low Risk,Low Opportunity,41.6
1237,M,36.0,35.8,68.0,Impulsive,Low Risk,Low Opportunity,55.1
1238,F,30.0,34.2,60.0,Budget,Low Risk,Low Opportunity,49.7
1239,F,42.0,66.0,43.0,Budget,Medium Risk,Medium Opportunity,52.2
1240,M,29.0,55.8,35.0,Budget,Medium Risk,Medium Opportunity,43.3
1241,M,34.0,34.9,59.0,Budget,Low Risk,Low Opportunity,49.4
1242,M,39.0,64.5,34.0,Budget,Medium Risk,Medium Opportunity,46.2
1243,F,42.0,87.0,26.0,Potential,High Risk,High Opportunity,50.4
1244,F,25.0,29.8,49.0,Budget,Medium Risk,Low Opportunity,41.3
1245,M,32.0,54.3,38.0,Budget,Medium Risk,Medium Opportunity,44.5
1246,M,31.0,41.4,75.0,Impulsive,Low Risk,Low Opportunity,61.6
1247,M,30.0,39.7,67.0,Impulsive,Low Risk,Low Opportunity,56.1
1248,M,49.0,80.3,50.0,Potential,Low Risk,Medium Opportunity,62.1
1249,F,38.0,60.8,32.0,Budget,Medium Risk,Medium Opportunity,43.5
1250,M,25.0,36.4,56.0,Budget,Low Risk,Low Opportunity,48.2
1251,M,42.0,71.7,26.0,Potential,High Risk,High Opportunity,44.3
1252,M,52.0,81.5,21.0,Potential,High Risk,High Opportunity,45.2
1253,M,43.0,71.5,29.0,Potential,High Risk,High Opportunity,46.0
1254,F,23.0,17.6,74.0,Impulsive,Low Risk,Low Opportunity,51.4
1255,M,31.0,37.9,51.0,Budget,Low Risk,Low Opportunity,45.8
1256,F,45.0,83.1,43.0,Potential,Medium Risk,Medium Opportunity,59.0
1257,M,29.0,31.1,64.0,Impulsive,Low Risk,Low Opportunity,50.8
1258,M,39.0,52.5,70.0,Impulsive,Low Risk,Low Opportunity,63.0
1259,F,41.0,76.4,22.0,Potential,High Risk,High Opportunity,43.8
1260,M,28.0,39.8,67.0,Impulsive,Low Risk,Low Opportunity,56.1
1261,F,35.0,27.6,70.0,Impulsive,Low Risk,Low Opportunity,53.0
1262,F,18.0,15.0,51.0,Budget,Low Risk,Low Opportunity,36.6
1263,M,27.0,32.9,67.0,Impulsive,Low Risk,Low Opportunity,53.4
1264,F,33.0,51.6,53.0,Budget,Low Risk,Medium Opportunity,52.4
1265,F,25.0,23.7,58.0,Budget,Low Risk,Low Opportunity,44.3
1266,F,48.0,68.1,28.0,Budget,High Risk,Medium Opportunity,44.0
1267,F,24.0,30.8,50.0,Budget,Low Risk,Low Opportunity,42.3
1268,F,31.0,33.3,77.0,Impulsive,Low Risk,Low Opportunity,59.5
1269,F,36.0,37.9,54.0,Budget,Low Risk,Low Opportunity,47.6
1270,F,47.0,74.8,42.0,Potential,Medium Risk,Medium Opportunity,55.1
1271,F,24.0,24.3,52.0,Budget,Low Risk,Low Opportunity,40.9
1272,M,44.0,72.6,29.0,Potential,High Risk,High Opportunity,46.4
1273,M,35.0,28.0,69.0,Impulsive,Low Risk,Low Opportunity,52.6
1274,F,27.0,38.4,41.0,Budget,Medium Risk,Low Opportunity,40.0
1275,M,39.0,63.0,39.0,Budget,Medium Risk,Medium Opportunity,48.6
1276,F,37.0,54.4,48.0,Budget,Medium Risk,Medium Opportunity,50.6
1277,F,30.0,27.5,60.0,Budget,Low Risk,Low Opportunity,47.0
1278,M,36.0,45.8,49.0,Budget,Medium Risk,Low Opportunity,47.7
1279,F,32.0,40.1,58.0,Budget,Low Risk,Low Opportunity,50.8
1280,F,36.0,52.2,55.0,Budget,Low Risk,Medium Opportunity,53.9
1281,F,40.0,90.9,39.0,Potential,Medium Risk,High Opportunity,59.8
1282,F,48.0,79.6,22.0,Potential,High Risk,High Opportunity,45.0
1283,M,25.0,28.3,55.0,Budget,Low Risk,Low Opportunity,44.3
1284,F,52.0,92.7,35.0,Potential,Medium Risk,High Opportunity,58.1
1285,F,19.0,,65.0,Budget,Low Risk,Low Opportunity,
1286,F,34.0,49.4,36.0,Budget,Medium Risk,Low Opportunity,41.4
1287,M,40.0,68.7,44.0,Budget,Medium Risk,Medium Opportunity,53.9
1288,F,37.0,49.9,29.0,Budget,Medium Risk,Low Opportunity,37.4
1289,M,30.0,47.9,51.0,Budget,Low Risk,Low Opportunity,49.8
1290,M,33.0,45.3,71.0,Impulsive,Low Risk,Low Opportunity,60.7
1291,F,31.0,31.5,48.0,Budget,Medium Risk,Low Opportunity,41.4
1292,F,30.0,47.8,43.0,Budget,Medium Risk,Low Opportunity,44.9
1293,M,42.0,85.2,41.0,Potential,Medium Risk,Medium Opportunity,58.7
1294,F,38.0,47.5,34.0,Budget,Medium Risk,Low Opportunity,39.4
1295,M,29.0,31.0,51.0,Budget,Low Risk,Low Opportunity,43.0
1296,M,42.0,78.0,42.0,Potential,Medium Risk,Medium Opportunity,56.4
1297,F,37.0,52.9,42.0,Budget,Medium Risk,Medium Opportunity,46.4
1298,F,42.0,71.6,36.0,Potential,Medium Risk,High Opportunity,50.2
1299,M,40.0,77.2,45.0,Potential,Medium Risk,Medium Opportunity,57.9
1300,M,28.0,46.6,55.0,Budget,Low Risk,Low Opportunity,51.6
1301,M,31.0,47.0,54.0,Budget,Low Risk,Low Opportunity,51.2
1302,M,41.0,68.1,37.0,Budget,Medium Risk,Medium Opportunity,49.4
1303,F,40.0,79.2,40.0,Potential,Medium Risk,Medium Opportunity,55.7
1304,F,35.0,37.3,53.0,Budget,Low Risk,Low Opportunity,46.7
1305,F,36.0,50.6,54.0,Budget,Low Risk,Medium Opportunity,52.6
1306,F,45.0,93.2,23.0,Potential,High Risk,High Opportunity,51.1
1307,F,30.0,34.9,54.0,Budget,Low Risk,Low Opportunity,46.4
1308,M,39.0,46.0,40.0,Budget,Medium Risk,Low Opportunity,42.4
1309,F,33.0,36.8,55.0,Budget,Low Risk,Low Opportunity,47.7
1310,F,33.0,33.3,48.0,Budget,Medium Risk,Low Opportunity,42.1
1311,F,44.0,72.7,26.0,Potential,High Risk,High Opportunity,44.7
1312,F,42.0,69.3,42.0,Budget,Medium Risk,Medium Opportunity,52.9
1313,F,42.0,66.9,42.0,Budget,Medium Risk,Medium Opportunity,52.0
1314,M,45.0,84.7,39.0,Potential,Medium Risk,High Opportunity,57.3
1315,M,35.0,52.8,44.0,Budget,Medium Risk,Medium Opportunity,47.5
1316,M,40.0,65.2,46.0,Budget,Medium Risk,Medium Opportunity,53.7
1317,F,33.0,54.2,54.0,Budget,Low Risk,Medium Opportunity,54.1
1318,M,38.0,55.1,51.0,Budget,Low Risk,Medium Opportunity,52.6
1319,M,34.0,52.0,41.0,Budget,Medium Risk,Medium Opportunity,45.4
1320,F,36.0,42.1,54.0,Budget,Low Risk,Low Opportunity,49.2
1321,F,40.0,75.0,42.0,Potential,Medium Risk,Medium Opportunity,55.2
1322,F,28.0,24.3,60.0,Budget,Low Risk,Low Opportunity,45.7
1323,M,52.0,104.9,1.0,Potential,High Risk,High Opportunity,42.6
1324,M,27.0,32.6,58.0,Budget,Low Risk,Low Opportunity,47.8
1325,F,25.0,32.0,79.0,Impulsive,Low Risk,Low Opportunity,60.2
1326,F,44.0,74.0,33.0,Potential,Medium Risk,High Opportunity,49.4
1327,M,41.0,63.6,35.0,Budget,Medium Risk,Medium Opportunity,46.4
1328,M,40.0,63.8,46.0,Budget,Medium Risk,Medium Opportunity,53.1
1329,F,40.0,59.0,48.0,Budget,Medium Risk,Medium Opportunity,52.4
1330,F,35.0,49.3,62.0,Impulsive,Low Risk,Low Opportunity,56.9
1331,M,28.0,22.1,49.0,Budget,Medium Risk,Low Opportunity,38.2
1332,F,36.0,54.2,55.0,Budget,Low Risk,Medium Opportunity,54.7
1333,M,30.0,26.7,65.0,Impulsive,Low Risk,Low Opportunity,49.7
1334,M,43.0,83.6,32.0,Potential,Medium Risk,High Opportunity,52.6
1335,M,34.0,48.8,54.0,Budget,Low Risk,Low Opportunity,51.9
1336,M,28.0,27.4,69.0,Impulsive,Low Risk,Low Opportunity,52.4
1337,F,32.0,44.9,61.0,Impulsive,Low Risk,Low Opportunity,54.6
1338,F,38.0,53.1,36.0,Budget,Medium Risk,Medium Opportunity,42.8
1339,M,30.0,32.3,65.0,Impulsive,Low Risk,Low Opportunity,51.9
1340,M,28.0,24.9,59.0,Budget,Low Risk,Low Opportunity,45.4
1341,M,37.0,33.5,56.0,Budget,Low Risk,Low Opportunity,47.0
1342,M,37.0,52.0,49.0,Budget,Medium Risk,Medium Opportunity,50.2
1343,M,31.0,25.9,58.0,Budget,Low Risk,Low Opportunity,45.2
1344,F,31.0,39.2,66.0,Impulsive,Low Risk,Low Opportunity,55.3
1345,F,37.0,47.1,49.0,Budget,Medium Risk,Low Opportunity,48.2
1346,F,23.0,29.4,46.0,Budget,Medium Risk,Low Opportunity,39.4
1347,F,24.0,23.4,56.0,Budget,Low Risk,Low Opportunity,43.0
1348,M,29.0,32.2,59.0,Budget,Low Risk,Low Opportunity,48.3
1349,M,33.0,47.9,63.0,Impulsive,Low Risk,Low Opportunity,57.0
1350,M,37.0,51.9,54.0,Budget,Low Risk,Medium Opportunity,53.2
1351,M,47.0,90.7,19.0,Potential,High Risk,High Opportunity,47.7
1352,M,42.0,74.6,62.0,Premium,Low Risk,Low Opportunity,67.0
1353,F,34.0,31.5,60.0,Budget,Low Risk,Low Opportunity,48.6
1354,M,35.0,51.7,62.0,Impulsive,Low Risk,Low Opportunity,57.9
1355,F,27.0,36.1,54.0,Budget,Low Risk,Low Opportunity,46.8
1356,F,35.0,37.5,60.0,Budget,Low Risk,Low Opportunity,51.0
1357,F,33.0,40.0,62.0,Impulsive,Low Risk,Low Opportunity,53.2
1358,F,38.0,50.7,61.0,Impulsive,Low Risk,Low Opportunity,56.9
1359,M,28.0,31.9,68.0,Impulsive,Low Risk,Low Opportunity,53.6
1360,F,39.0,55.5,55.0,Budget,Low Risk,Medium Opportunity,55.2
1361,F,47.0,103.3,20.0,Potential,High Risk,High Opportunity,53.3
1362,F,34.0,52.5,43.0,Budget,Medium Risk,Medium Opportunity,46.8
1363,M,38.0,40.5,56.0,Budget,Low Risk,Low Opportunity,49.8
1364,M,41.0,78.9,45.0,Potential,Medium Risk,Medium Opportunity,58.6
1365,M,32.0,50.8,47.0,Budget,Medium Risk,Medium Opportunity,48.5
1366,F,37.0,52.3,59.0,Budget,Low Risk,Medium Opportunity,56.3
1367,F,35.0,54.3,62.0,Impulsive,Low Risk,Low Opportunity,58.9
1368,M,36.0,63.5,35.0,Budget,Medium Risk,Medium Opportunity,46.4
1369,F,29.0,43.0,44.0,Budget,Medium Risk,Low Opportunity,43.6
1370,M,35.0,47.6,49.0,Budget,Medium Risk,Low Opportunity,48.4
1371,M,39.0,61.2,47.0,Budget,Medium Risk,Medium Opportunity,52.7
1372,F,47.0,86.7,24.0,Potential,High Risk,High Opportunity,49.1
1373,F,43.0,84.7,46.0,Potential,Medium Risk,Medium Opportunity,61.5
1374,F,52.0,87.7,29.0,Potential,High Risk,High Opportunity,52.5
1375,F,29.0,47.3,51.0,Budget,Low Risk,Low Opportunity,49.5
1376,M,42.0,72.2,24.0,Potential,High Risk,High Opportunity,43.3
1377,M,36.0,59.7,32.0,Budget,Medium Risk,Medium Opportunity,43.1
1378,M,53.0,86.1,28.0,Potential,High Risk,High Opportunity,51.2
1379,M,29.0,23.6,39.0,Budget,Medium Risk,Low Opportunity,32.8
1380,M,28.0,35.9,66.0,Impulsive,Low Risk,Low Opportunity,54.0
1381,F,30.0,19.8,60.0,Budget,Low Risk,Low Opportunity,43.9
1382,M,18.0,20.0,92.0,Impulsive,Low Risk,Low Opportunity,63.2
1383,M,31.0,45.5,75.0,Impulsive,Low Risk,Low Opportunity,63.2
1384,M,29.0,30.1,56.0,Budget,Low Risk,Low Opportunity,45.6
1385,F,36.0,48.4,49.0,Budget,Medium Risk,Low Opportunity,48.8
1386,F,38.0,66.6,52.0,Budget,Low Risk,Medium Opportunity,57.8
1387,F,50.0,82.3,46.0,Potential,Medium Risk,Medium Opportunity,60.5
1388,F,43.0,70.2,22.0,Potential,High Risk,High Opportunity,41.3
1389,M,30.0,48.5,33.0,Budget,Medium Risk,Low Opportunity,39.2
1390,M,28.0,48.7,44.0,Budget,Medium Risk,Low Opportunity,45.9
1391,,39.0,52.8,,Budget,Low Risk,Low Opportunity,
1392,F,24.0,33.9,61.0,Impulsive,Low Risk,Low Opportunity,50.2
1393,M,50.0,102.4,32.0,Potential,Medium Risk,High Opportunity,60.2
1394,M,44.0,72.7,25.0,Potential,High Risk,High Opportunity,44.1
1395,F,31.0,34.5,33.0,Budget,Medium Risk,Low Opportunity,33.6
1396,F,21.0,30.2,65.0,Impulsive,Low Risk,Low Opportunity,51.1
1397,F,46.0,92.1,20.0,Potential,High Risk,High Opportunity,48.8
1398,F,34.0,48.3,30.0,Budget,Medium Risk,Low Opportunity,37.3
1399,M,45.0,70.0,39.0,Budget,Medium Risk,Medium Opportunity,51.4
1400,M,22.0,38.1,61.0,Impulsive,Low Risk,Low Opportunity,51.8
1401,M,30.0,32.4,56.0,Budget,Low Risk,Low Opportunity,46.6
1402,F,35.0,42.9,48.0,Budget,Medium Risk,Low Opportunity,46.0
1403,F,35.0,48.3,49.0,Budget,Medium Risk,Low Opportunity,48.7
1404,M,31.0,50.8,46.0,Budget,Medium Risk,Medium Opportunity,47.9
1405,M,40.0,85.0,21.0,Potential,High Risk,High Opportunity,46.6
1406,M,26.0,32.7,49.0,Budget,Medium Risk,Low Opportunity,42.5
1407,M,34.0,47.5,56.0,Budget,Low Risk,Low Opportunity,52.6
1408,F,36.0,47.7,53.0,Budget,Low Risk,Low Opportunity,50.9
1409,M,39.0,57.3,47.0,Budget,Medium Risk,Medium Opportunity,51.1
1410,M,41.0,46.5,39.0,Budget,Medium Risk,Low Opportunity,42.0
1411,M,26.0,27.0,57.0,Budget,Low Risk,Low Opportunity,45.0
1412,M,23.0,25.9,37.0,Budget,Medium Risk,Low Opportunity,32.6
1413,M,45.0,71.9,39.0,Potential,Medium Risk,High Opportunity,52.2
1414,M,38.0,54.1,61.0,Impulsive,Low Risk,Low Opportunity,58.2
1415,M,29.0,33.2,42.0,Budget,Medium Risk,Low Opportunity,38.5
1416,F,47.0,82.7,25.0,Potential,High Risk,High Opportunity,48.1
1417,F,36.0,60.0,49.0,Budget,Medium Risk,Medium Opportunity,53.4
1418,F,44.0,69.8,51.0,Budget,Low Risk,Medium Opportunity,58.5
1419,F,36.0,46.2,46.0,Budget,Medium Risk,Low Opportunity,46.1
1420,M,51.0,91.4,18.0,Potential,High Risk,High Opportunity,47.4
1421,F,49.0,89.1,7.0,Potential,High Risk,High Opportunity,39.8
1422,F,33.0,43.6,53.0,Budget,Low Risk,Low Opportunity,49.2
1423,M,43.0,73.7,58.0,Potential,Low Risk,Medium Opportunity,64.3
1424,M,40.0,68.6,43.0,Budget,Medium Risk,Medium Opportunity,53.2
1425,F,46.0,92.0,28.0,Potential,High Risk,High Opportunity,53.6
1426,F,27.0,36.2,59.0,Budget,Low Risk,Low Opportunity,49.9
1427,M,40.0,66.9,41.0,Budget,Medium Risk,Medium Opportunity,51.4
1428,F,43.0,82.5,25.0,Potential,High Risk,High Opportunity,48.0
1429,M,,15.3,70.0,Impulsive,Low Risk,Low Opportunity,48.1
1430,M,26.0,31.4,59.0,Budget,Low Risk,Low Opportunity,48.0
1431,M,19.0,23.4,58.0,Budget,Low Risk,Low Opportunity,44.2
1432,M,33.0,41.7,43.0,Budget,Medium Risk,Low Opportunity,42.5
1433,F,41.0,74.2,51.0,Potential,Low Risk,Medium Opportunity,60.3
1434,M,47.0,78.7,39.0,Potential,Medium Risk,High Opportunity,54.9
1435,M,36.0,45.8,45.0,Budget,Medium Risk,Low Opportunity,45.3
1436,F,48.0,82.6,40.0,Potential,Medium Risk,Medium Opportunity,57.0
1437,M,24.0,19.8,56.0,Budget,Low Risk,Low Opportunity,41.5
1438,F,21.0,19.0,53.0,Budget,Low Risk,Low Opportunity,39.4
1439,F,35.0,33.2,49.0,Budget,Medium Risk,Low Opportunity,42.7
1440,F,38.0,47.1,32.0,Budget,Medium Risk,Low Opportunity,38.0
1441,M,35.0,43.3,57.0,Budget,Low Risk,Low Opportunity,51.5
1442,F,18.0,15.0,43.0,Budget,Medium Risk,Low Opportunity,31.8
1443,F,34.0,41.9,41.0,Budget,Medium Risk,Low Opportunity,41.4
1444,M,25.0,27.1,38.0,Budget,Medium Risk,Low Opportunity,33.6
1445,F,40.0,70.0,39.0,Budget,Medium Risk,Medium Opportunity,51.4
1446,F,38.0,58.0,44.0,Budget,Medium Risk,Medium Opportunity,49.6
1447,F,27.0,26.0,56.0,Budget,Low Risk,Low Opportunity,44.0
1448,F,31.0,28.8,48.0,Budget,Medium Risk,Low Opportunity,40.3
1449,F,27.0,22.9,49.0,Budget,Medium Risk,Low Opportunity,38.6
1450,M,34.0,39.9,58.0,Budget,Low Risk,Low Opportunity,50.8
1451,F,43.0,64.9,35.0,Budget,Medium Risk,Medium Opportunity,47.0
1452,F,27.0,25.0,63.0,Impulsive,Low Risk,Low Opportunity,47.8
1453,M,39.0,42.4,43.0,Budget,Medium Risk,Low Opportunity,42.8
1454,M,31.0,34.8,58.0,Budget,Low Risk,Low Opportunity,48.7
1455,M,29.0,36.3,68.0,Impulsive,Low Risk,Low Opportunity,55.3
1456,F,34.0,48.6,56.0,Budget,Low Risk,Low Opportunity,53.0
1457,M,27.0,26.7,55.0,Budget,Low Risk,Low Opportunity,43.7
1458,F,31.0,35.1,59.0,Budget,Low Risk,Low Opportunity,49.4
1459,F,25.0,20.2,59.0,Budget,Low Risk,Low Opportunity,43.5
1460,M,51.0,90.2,25.0,Potential,High Risk,High Opportunity,51.1
1461,M,35.0,38.8,51.0,Budget,Low Risk,Low Opportunity,46.1
1462,F,29.0,39.4,53.0,Budget,Low Risk,Low Opportunity,47.6
1463,M,37.0,34.9,57.0,Budget,Low Risk,Low Opportunity,48.2
1464,F,34.0,40.9,43.0,Budget,Medium Risk,Low Opportunity,42.2
1465,M,33.0,44.4,42.0,Budget,Medium Risk,Low Opportunity,43.0
1466,M,40.0,80.6,22.0,Potential,High Risk,High Opportunity,45.4
1467,M,41.0,92.6,15.0,Potential,High Risk,High Opportunity,46.0
1468,F,31.0,41.2,41.0,Budget,Medium Risk,Low Opportunity,41.1
1469,M,30.0,28.6,60.0,Budget,Low Risk,Low Opportunity,47.4
1470,F,33.0,41.2,44.0,Budget,Medium Risk,Low Opportunity,42.9
1471,F,18.0,15.0,66.0,Impulsive,Low Risk,Low Opportunity,45.6
1472,F,23.0,23.4,60.0,Budget,Low Risk,Low Opportunity,45.4
1473,F,46.0,76.3,15.0,Potential,High Risk,High Opportunity,39.5
1474,M,48.0,83.4,37.0,Potential,Medium Risk,High Opportunity,55.6
1475,F,33.0,37.6,63.0,Impulsive,Low Risk,Low Opportunity,52.8
1476,F,40.0,66.3,32.0,Budget,Medium Risk,Medium Opportunity,45.7
1477,M,37.0,44.1,56.0,Budget,Low Risk,Low Opportunity,51.2
1478,F,60.0,127.6,1.0,Potential,High Risk,High Opportunity,51.6
1479,M,44.0,78.7,36.0,Potential,Medium Risk,High Opportunity,53.1
1480,F,34.0,58.5,34.0,Budget,Medium Risk,Medium Opportunity,43.8
1481,M,27.0,37.7,37.0,Budget,Medium Risk,Low Opportunity,37.3
1482,F,22.0,26.1,54.0,Budget,Low Risk,Low Opportunity,42.8
1483,M,37.0,52.1,47.0,Budget,Medium Risk,Medium Opportunity,49.0
1484,F,29.0,38.0,51.0,Budget,Low Risk,Low Opportunity,45.8
1485,F,24.0,15.0,51.0,Budget,Low Risk,Low Opportunity,36.6
1486,M,30.0,34.4,52.0,Budget,Low Risk,Low Opportunity,45.0
1487,M,26.0,36.2,58.0,Budget,Low Risk,Low Opportunity,49.3
1488,M,48.0,82.5,30.0,Potential,Medium Risk,High Opportunity,51.0
1489,M,42.0,58.7,45.0,Budget,Medium Risk,Medium Opportunity,50.5
1490,F,35.0,45.2,45.0,Budget,Medium Risk,Low Opportunity,45.1
1491,F,47.0,98.0,37.0,Potential,Medium Risk,High Opportunity,61.4
1492,M,36.0,57.4,35.0,Budget,Medium Risk,Medium Opportunity,44.0
1493,F,28.0,32.5,62.0,Impulsive,Low Risk,Low Opportunity,50.2
1494,M,47.0,89.3,40.0,Potential,Medium Risk,Medium Opportunity,59.7
1495,M,39.0,49.9,53.0,Budget,Low Risk,Low Opportunity,51.8
1496,F,27.0,17.6,61.0,Impulsive,Low Risk,Low Opportunity,43.6
1497,F,33.0,34.6,51.0,Budget,Low Risk,Low Opportunity,44.4
1498,F,28.0,45.5,62.0,Impulsive,Low Risk,Low Opportunity,55.4
1499,F,24.0,23.6,46.0,Budget,Medium Risk,Low Opportunity,37.0
1500,F,42.0,68.2,30.0,Budget,Medium Risk,Medium Opportunity,45.3
1501,F,50.0,87.0,23.0,Potential,High Risk,High Opportunity,48.6
1502,F,24.0,41.0,65.0,Impulsive,Low Risk,Low Opportunity,55.4
1503,M,40.0,83.2,39.0,Potential,Medium Risk,High Opportunity,56.7
1504,M,30.0,54.4,39.0,Budget,Medium Risk,Medium Opportunity,45.2
1505,M,31.0,37.1,52.0,Budget,Low Risk,Low Opportunity,46.0
1506,M,30.0,39.0,48.0,Budget,Medium Risk,Low Opportunity,44.4
1507,M,28.0,20.9,54.0,Budget,Low Risk,Low Opportunity,40.8
1508,F,35.0,57.4,56.0,Budget,Low Risk,Medium Opportunity,56.6
1509,M,28.0,23.7,47.0,Budget,Medium Risk,Low Opportunity,37.7
1510,M,37.0,50.9,65.0,Impulsive,Low Risk,Low Opportunity,59.4
1511,M,35.0,36.8,63.0,Impulsive,Low Risk,Low Opportunity,52.5
1512,M,33.0,37.3,66.0,Impulsive,Low Risk,Low Opportunity,54.5
1513,M,28.0,26.3,55.0,Budget,Low Risk,Low Opportunity,43.5
1514,M,30.0,31.7,56.0,Budget,Low Risk,Low Opportunity,46.3
1515,M,41.0,69.2,26.0,Budget,High Risk,Medium Opportunity,43.3
1516,F,39.0,48.4,44.0,Budget,Medium Risk,Low Opportunity,45.8
1517,F,27.0,37.9,60.0,Budget,Low Risk,Low Opportunity,51.2
1518,M,36.0,38.6,67.0,Impulsive,Low Risk,Low Opportunity,55.6
1519,F,41.0,77.8,25.0,Potential,High Risk,High Opportunity,46.1
1520,F,22.0,31.9,52.0,Budget,Low Risk,Low Opportunity,44.0
1521,F,39.0,48.7,47.0,Budget,Medium Risk,Low Opportunity,47.7
1522,F,30.0,30.9,44.0,Budget,Medium Risk,Low Opportunity,38.8
1523,M,40.0,66.5,47.0,Budget,Medium Risk,Medium Opportunity,54.8
1524,F,29.0,44.2,45.0,Budget,Medium Risk,Low Opportunity,44.7
1525,F,21.0,22.0,58.0,Budget,Low Risk,Low Opportunity,43.6
1526,F,22.0,18.0,57.0,Budget,Low Risk,Low Opportunity,41.4
1527,M,35.0,49.5,42.0,Budget,Medium Risk,Low Opportunity,45.0
1528,M,37.0,40.4,53.0,Budget,Low Risk,Low Opportunity,48.0
1529,M,28.0,38.5,52.0,Budget,Low Risk,Low Opportunity,46.6
1530,M,40.0,79.4,33.0,Potential,Medium Risk,High Opportunity,51.6
1531,M,22.0,19.7,54.0,Budget,Low Risk,Low Opportunity,40.3
1532,M,34.0,37.1,58.0,Budget,Low Risk,Low Opportunity,49.6
1533,M,25.0,20.5,78.0,Impulsive,Low Risk,Low Opportunity,55.0
1534,F,30.0,40.9,55.0,Budget,Low Risk,Low Opportunity,49.4
1535,F,35.0,55.4,57.0,Budget,Low Risk,Medium Opportunity,56.4
1536,F,28.0,27.9,45.0,Budget,Medium Risk,Low Opportunity,38.2
1537,M,32.0,43.9,54.0,Budget,Low Risk,Low Opportunity,50.0
1538,M,43.0,56.8,33.0,Budget,Medium Risk,Medium Opportunity,42.5
1539,M,30.0,31.9,42.0,Budget,Medium Risk,Low Opportunity,38.0
1540,M,42.0,79.5,28.0,Potential,High Risk,High Opportunity,48.6
1541,M,26.0,22.1,73.0,Impulsive,Low Risk,Low Opportunity,52.6
1542,F,,45.3,60.0,Budget,Low Risk,Low Opportunity,54.1
1543,F,47.0,75.8,36.0,Potential,Medium Risk,High Opportunity,51.9
1544,M,18.0,17.3,45.0,Budget,Medium Risk,Low Opportunity,33.9
1545,M,29.0,33.3,55.0,Budget,Low Risk,Low Opportunity,46.3
1546,M,40.0,56.5,48.0,Budget,Medium Risk,Medium Opportunity,51.4
1547,M,33.0,25.0,62.0,Impulsive,Low Risk,Low Opportunity,47.2
1548,F,38.0,46.1,32.0,Budget,Medium Risk,Low Opportunity,37.6
1549,M,30.0,40.3,45.0,Budget,Medium Risk,Low Opportunity,43.1
1550,M,36.0,25.4,58.0,Budget,Low Risk,Low Opportunity,45.0
1551,M,34.0,39.8,59.0,Budget,Low Risk,Low Opportunity,51.3
1552,M,44.0,68.5,17.0,Budget,High Risk,Medium Opportunity,37.6
1553,F,37.0,60.3,43.0,Budget,Medium Risk,Medium Opportunity,49.9
1554,M,38.0,47.9,51.0,Budget,Low Risk,Low Opportunity,49.8
1555,M,32.0,43.3,61.0,Impulsive,Low Risk,Low Opportunity,53.9
1556,F,31.0,39.5,61.0,Impulsive,Low Risk,Low Opportunity,52.4
1557,F,32.0,23.2,66.0,Impulsive,Low Risk,Low Opportunity,48.9
1558,F,38.0,57.1,38.0,Budget,Medium Risk,Medium Opportunity,45.6
1559,M,32.0,41.9,34.0,Budget,Medium Risk,Low Opportunity,37.2
1560,M,37.0,53.3,44.0,Budget,Medium Risk,Medium Opportunity,47.7
1561,F,52.0,120.8,22.0,Potential,High Risk,High Opportunity,61.5
1562,F,42.0,55.2,59.0,Budget,Low Risk,Medium Opportunity,57.5
1563,F,32.0,54.0,55.0,Budget,Low Risk,Medium Opportunity,54.6
1564,F,45.0,79.1,38.0,Potential,Medium Risk,High Opportunity,54.4
1565,F,32.0,42.5,57.0,Budget,Low Risk,Low Opportunity,51.2
1566,F,19.0,16.4,55.0,Budget,Low Risk,Low Opportunity,39.6
1567,M,27.0,27.8,57.0,Budget,Low Risk,Low Opportunity,45.3
1568,M,20.0,15.0,79.0,Impulsive,Low Risk,Low Opportunity,53.4
1569,M,32.0,42.8,43.0,Budget,Medium Risk,Low Opportunity,42.9
1570,F,35.0,33.5,72.0,Impulsive,Low Risk,Low Opportunity,56.6
1571,F,48.0,92.2,23.0,Potential,High Risk,High Opportunity,50.7
1572,F,38.0,47.7,63.0,Impulsive,Low Risk,Low Opportunity,56.9
1573,F,33.0,33.0,43.0,Budget,Medium Risk,Low Opportunity,39.0
1574,F,42.0,63.6,48.0,Budget,Medium Risk,Medium Opportunity,54.2
1575,F,18.0,25.1,50.0,Budget,Low Risk,Low Opportunity,40.0
1576,M,37.0,44.9,37.0,Budget,Medium Risk,Low Opportunity,40.2
1577,M,41.0,85.4,36.0,Potential,Medium Risk,High Opportunity,55.8
1578,F,23.0,18.2,72.0,Impulsive,Low Risk,Low Opportunity,50.5
1579,M,44.0,85.4,23.0,Potential,High Risk,High Opportunity,48.0
1580,F,38.0,56.5,31.0,Budget,Medium Risk,Medium Opportunity,41.2
1581,M,32.0,55.0,47.0,Budget,Medium Risk,Medium Opportunity,50.2
1582,F,40.0,64.3,41.0,Budget,Medium Risk,Medium Opportunity,50.3
1583,F,53.0,95.2,27.0,Potential,High Risk,High Opportunity,54.3
1584,M,36.0,48.2,59.0,Budget,Low Risk,Low Opportunity,54.7
1585,M,37.0,59.6,45.0,Budget,Medium Risk,Medium Opportunity,50.8
1586,F,31.0,32.6,75.0,Impulsive,Low Risk,Low Opportunity,58.0
1587,F,28.0,39.0,57.0,Budget,Low Risk,Low Opportunity,49.8
1588,M,42.0,66.3,37.0,Budget,Medium Risk,Medium Opportunity,48.7
1589,M,28.0,32.5,41.0,Budget,Medium Risk,Low Opportunity,37.6
1590,F,36.0,48.1,47.0,Budget,Medium Risk,Low Opportunity,47.4
1591,M,31.0,40.4,50.0,Budget,Low Risk,Low Opportunity,46.2
1592,F,39.0,51.9,57.0,Budget,Low Risk,Medium Opportunity,55.0
1593,F,,52.7,52.0,Budget,Low Risk,Medium Opportunity,52.3
1594,F,43.0,93.1,18.0,Potential,High Risk,High Opportunity,48.0
1595,F,31.0,46.3,53.0,Budget,Low Risk,Low Opportunity,50.3
1596,M,33.0,49.0,57.0,Budget,Low Risk,Low Opportunity,53.8
1597,M,27.0,27.6,74.0,Impulsive,Low Risk,Low Opportunity,55.4
1598,M,31.0,31.3,66.0,Impulsive,Low Risk,Low Opportunity,52.1
1599,M,38.0,58.6,53.0,Budget,Low Risk,Medium Opportunity,55.2
1600,M,41.0,91.6,32.0,Potential,Medium Risk,High Opportunity,55.8
1601,M,28.0,44.8,56.0,Budget,Low Risk,Low Opportunity,51.5
1602,M,42.0,69.6,52.0,Budget,Low Risk,Medium Opportunity,59.0
1603,F,46.0,80.9,19.0,Potential,High Risk,High Opportunity,43.8
1604,M,38.0,37.9,50.0,Budget,Low Risk,Low Opportunity,45.2
1605,M,50.0,85.0,20.0,Potential,High Risk,High Opportunity,46.0
1606,F,29.0,42.8,57.0,Budget,Low Risk,Low Opportunity,51.3
1607,M,25.0,23.9,72.0,Impulsive,Low Risk,Low Opportunity,52.8
1608,M,21.0,25.5,52.0,Budget,Low Risk,Low Opportunity,41.4
1609,F,47.0,79.0,9.0,Potential,High Risk,High Opportunity,37.0
1610,M,40.0,75.3,34.0,Potential,Medium Risk,High Opportunity,50.5
1611,M,35.0,36.4,64.0,Impulsive,Low Risk,Low Opportunity,53.0
1612,M,37.0,49.9,54.0,Budget,Low Risk,Low Opportunity,52.4
1613,F,26.0,15.0,68.0,Impulsive,Low Risk,Low Opportunity,46.8
1614,M,55.0,100.7,14.0,Potential,High Risk,High Opportunity,48.7
1615,M,36.0,34.4,43.0,Budget,Medium Risk,Low Opportunity,39.6
1616,F,36.0,57.0,52.0,Budget,Low Risk,Medium Opportunity,54.0
1617,M,41.0,83.9,26.0,Potential,High Risk,High Opportunity,49.2
1618,F,39.0,56.5,68.0,Impulsive,Low Risk,Low Opportunity,63.4
1619,F,37.0,61.4,50.0,Budget,Low Risk,Medium Opportunity,54.6
1620,M,29.0,27.2,53.0,Budget,Low Risk,Low Opportunity,42.7
1621,F,39.0,66.8,36.0,Budget,Medium Risk,Medium Opportunity,48.3
1622,F,50.0,84.4,27.0,Potential,High Risk,High Opportunity,50.0
1623,M,46.0,94.2,25.0,Potential,High Risk,High Opportunity,52.7
1624,F,48.0,98.4,35.0,Potential,Medium Risk,High Opportunity,60.4
1625,F,31.0,29.5,60.0,Budget,Low Risk,Low Opportunity,47.8
1626,M,27.0,24.6,53.0,Budget,Low Risk,Low Opportunity,41.6
1627,M,34.0,38.9,73.0,Impulsive,Low Risk,Low Opportunity,59.4
1628,M,35.0,41.4,53.0,Budget,Low Risk,Low Opportunity,48.4
1629,F,44.0,71.6,45.0,Potential,Medium Risk,Medium Opportunity,55.6
1630,M,21.0,30.2,50.0,Budget,Low Risk,Low Opportunity,42.1
1631,F,47.0,80.6,36.0,Potential,Medium Risk,High Opportunity,53.8
1632,F,34.0,46.6,54.0,Budget,Low Risk,Low Opportunity,51.0
1633,F,32.0,35.6,37.0,Budget,Medium Risk,Low Opportunity,36.4
1634,F,27.0,16.6,83.0,Impulsive,Low Risk,Low Opportunity,56.4
1635,F,22.0,24.4,72.0,Impulsive,Low Risk,Low Opportunity,53.0
1636,F,42.0,60.9,39.0,Budget,Medium Risk,Medium Opportunity,47.8
1637,F,36.0,46.9,39.0,Budget,Medium Risk,Low Opportunity,42.2
1638,M,25.0,16.7,66.0,Impulsive,Low Risk,Low Opportunity,46.3
1639,M,25.0,43.5,53.0,Budget,Low Risk,Low Opportunity,49.2
1640,F,32.0,47.5,54.0,Budget,Low Risk,Low Opportunity,51.4
1641,F,48.0,82.9,32.0,Potential,Medium Risk,High Opportunity,52.4
1642,M,33.0,52.1,54.0,Budget,Low Risk,Medium Opportunity,53.2
1643,F,23.0,17.2,77.0,Impulsive,Low Risk,Low Opportunity,53.1
1644,M,33.0,46.3,57.0,Budget,Low Risk,Low Opportunity,52.7
1645,M,33.0,43.6,42.0,Budget,Medium Risk,Low Opportunity,42.6
1646,M,18.0,17.1,74.0,Impulsive,Low Risk,Low Opportunity,51.2
1647,F,35.0,55.8,64.0,Impulsive,Low Risk,Low Opportunity,60.7
1648,F,33.0,47.9,82.0,Impulsive,Low Risk,Low Opportunity,68.4
1649,M,41.0,78.0,25.0,Potential,High Risk,High Opportunity,46.2
1650,M,50.0,79.1,33.0,Potential,Medium Risk,High Opportunity,51.4
1651,M,44.0,71.7,17.0,Potential,High Risk,High Opportunity,38.9
1652,M,33.0,41.0,59.0,Budget,Low Risk,Low Opportunity,51.8
1653,M,26.0,30.1,52.0,Budget,Low Risk,Low Opportunity,43.2
1654,F,56.0,86.2,,Budget,Low Risk,Low Opportunity,
1655,M,35.0,64.9,36.0,Budget,Medium Risk,Medium Opportunity,47.6
1656,F,35.0,57.7,30.0,Budget,Medium Risk,Medium Opportunity,41.1
1657,M,35.0,50.4,45.0,Budget,Medium Risk,Medium Opportunity,47.2
1658,F,37.0,49.8,29.0,Budget,Medium Risk,Low Opportunity,37.3
1659,F,34.0,42.1,60.0,Budget,Low Risk,Low Opportunity,52.8
1660,F,30.0,29.0,38.0,Budget,Medium Risk,Low Opportunity,34.4
1661,F,31.0,39.0,55.0,Budget,Low Risk,Low Opportunity,48.6
1662,F,35.0,47.7,30.0,Budget,Medium Risk,Low Opportunity,37.1
1663,F,31.0,28.5,55.0,Budget,Low Risk,Low Opportunity,44.4
1664,M,29.0,37.5,71.0,Impulsive,Low Risk,Low Opportunity,57.6
1665,F,36.0,46.2,54.0,Budget,Low Risk,Low Opportunity,50.9
1666,M,33.0,26.7,51.0,Budget,Low Risk,Low Opportunity,41.3
1667,F,47.0,74.6,34.0,Potential,Medium Risk,High Opportunity,50.2
1668,F,18.0,15.0,61.0,Impulsive,Low Risk,Low Opportunity,42.6
1669,M,44.0,90.4,35.0,Potential,Medium Risk,High Opportunity,57.2
1670,F,45.0,73.6,22.0,Potential,High Risk,High Opportunity,42.6
1671,M,18.0,15.0,67.0,Impulsive,Low Risk,Low Opportunity,46.2
1672,M,32.0,44.1,25.0,Budget,Medium Risk,Low Opportunity,32.6
1673,M,32.0,27.8,53.0,Budget,Low Risk,Low Opportunity,42.9
1674,M,24.0,34.5,51.0,Budget,Low Risk,Low Opportunity,44.4
1675,F,29.0,31.0,64.0,Impulsive,Low Risk,Low Opportunity,50.8
1676,F,26.0,28.7,58.0,Budget,Low Risk,Low Opportunity,46.3
1677,M,49.0,92.6,12.0,Potential,High Risk,High Opportunity,44.2
1678,F,42.0,59.1,34.0,Budget,Medium Risk,Medium Opportunity,44.0
1679,F,45.0,62.7,42.0,Budget,Medium Risk,Medium Opportunity,50.3
1680,M,41.0,70.9,38.0,Potential,Medium Risk,High Opportunity,51.2
1681,F,26.0,37.7,49.0,Budget,Medium Risk,Low Opportunity,44.5
1682,M,31.0,26.2,,Budget,Low Risk,Low Opportunity,
1683,M,39.0,30.1,63.0,Impulsive,Low Risk,Low Opportunity,49.8
1684,F,25.0,24.0,55.0,Budget,Low Risk,Low Opportunity,42.6
1685,F,41.0,69.6,39.0,Budget,Medium Risk,Medium Opportunity,51.2
1686,F,33.0,51.6,71.0,Impulsive,Low Risk,Low Opportunity,63.2
1687,M,32.0,36.5,41.0,Budget,Medium Risk,Low Opportunity,39.2
1688,M,41.0,74.9,19.0,Potential,High Risk,High Opportunity,41.4
1689,F,39.0,62.0,51.0,Budget,Low Risk,Medium Opportunity,55.4
1690,F,32.0,25.2,,Budget,Low Risk,Low Opportunity,
1691,F,44.0,74.6,33.0,Potential,Medium Risk,High Opportunity,49.6
1692,F,26.0,30.9,50.0,Budget,Low Risk,Low Opportunity,42.4
1693,M,40.0,79.4,34.0,Potential,Medium Risk,High Opportunity,52.2
1694,F,40.0,66.6,57.0,Budget,Low Risk,Medium Opportunity,60.8
1695,M,33.0,42.3,61.0,Impulsive,Low Risk,Low Opportunity,53.5
1696,M,38.0,31.1,65.0,Impulsive,Low Risk,Low Opportunity,51.4
1697,F,25.0,22.3,46.0,Budget,Medium Risk,Low Opportunity,36.5
1698,F,42.0,79.2,24.0,Potential,High Risk,High Opportunity,46.1
1699,,34.0,35.9,27.0,Budget,Medium Risk,Low Opportunity,30.6
1700,M,31.0,38.9,46.0,Budget,Medium Risk,Low Opportunity,43.2
1701,F,43.0,92.4,39.0,Potential,Medium Risk,High Opportunity,60.4
1702,F,29.0,32.1,62.0,Impulsive,Low Risk,Low Opportunity,50.0
1703,M,24.0,27.2,56.0,Budget,Low Risk,Low Opportunity,44.5
1704,F,23.0,16.3,62.0,Impulsive,Low Risk,Low Opportunity,43.7
1705,M,40.0,59.1,37.0,Budget,Medium Risk,Medium Opportunity,45.8
1706,F,25.0,32.5,59.0,Budget,Low Risk,Low Opportunity,48.4
1707,M,49.0,85.0,36.0,Potential,Medium Risk,High Opportunity,55.6
1708,F,18.0,15.0,45.0,Budget,Medium Risk,Low Opportunity,33.0
1709,F,49.0,88.4,30.0,Potential,Medium Risk,High Opportunity,53.4
1710,M,37.0,54.9,56.0,Budget,Low Risk,Medium Opportunity,55.6
1711,M,34.0,27.4,55.0,Budget,Low Risk,Low Opportunity,44.0
1712,F,31.0,47.7,58.0,Budget,Low Risk,Low Opportunity,53.9
1713,M,38.0,48.3,78.0,Impulsive,Low Risk,Low Opportunity,66.1
1714,M,35.0,49.0,49.0,Budget,Medium Risk,Low Opportunity,49.0
1715,M,44.0,87.2,35.0,Potential,Medium Risk,High Opportunity,55.9
1716,M,36.0,36.4,47.0,Budget,Medium Risk,Low Opportunity,42.8
1717,F,36.0,41.7,54.0,Budget,Low Risk,Low Opportunity,49.1
1718,F,32.0,37.9,59.0,Budget,Low Risk,Low Opportunity,50.6
1719,M,35.0,39.3,56.0,Budget,Low Risk,Low Opportunity,49.3
1720,M,37.0,63.1,34.0,Budget,Medium Risk,Medium Opportunity,45.6
1721,M,21.0,15.0,64.0,Impulsive,Low Risk,Low Opportunity,44.4
1722,M,24.0,21.4,75.0,Impulsive,Low Risk,Low Opportunity,53.6
1723,F,41.0,77.4,41.0,Potential,Medium Risk,Medium Opportunity,55.6
1724,F,36.0,37.8,64.0,Impulsive,Low Risk,Low Opportunity,53.5
1725,M,34.0,40.6,51.0,Budget,Low Risk,Low Opportunity,46.8
1726,M,35.0,48.1,58.0,Budget,Low Risk,Low Opportunity,54.0
1727,M,38.0,48.3,52.0,Budget,Low Risk,Low Opportunity,50.5
1728,F,31.0,37.7,45.0,Budget,Medium Risk,Low Opportunity,42.1
1729,M,29.0,30.6,61.0,Impulsive,Low Risk,Low Opportunity,48.8
1730,F,37.0,37.1,44.0,Budget,Medium Risk,Low Opportunity,41.2
1731,M,27.0,33.8,50.0,Budget,Low Risk,Low Opportunity,43.5
1732,F,38.0,65.0,45.0,Budget,Medium Risk,Medium Opportunity,53.0
1733,M,21.0,20.5,63.0,Impulsive,Low Risk,Low Opportunity,46.0
1734,F,43.0,83.9,21.0,Potential,High Risk,High Opportunity,46.2
1735,M,39.0,58.3,56.0,Budget,Low Risk,Medium Opportunity,56.9
1736,M,37.0,39.0,59.0,Budget,Low Risk,Low Opportunity,51.0
1737,M,43.0,94.8,22.0,Potential,High Risk,High Opportunity,51.1
1738,F,48.0,86.1,14.0,Potential,High Risk,High Opportunity,42.8
1739,M,43.0,89.0,30.0,Potential,Medium Risk,High Opportunity,53.6
1740,F,20.0,15.0,58.0,Budget,Low Risk,Low Opportunity,40.8
1741,F,25.0,42.1,54.0,Budget,Low Risk,Low Opportunity,49.2
1742,M,30.0,42.8,49.0,Budget,Medium Risk,Low Opportunity,46.5
1743,M,35.0,50.0,29.0,Budget,Medium Risk,Low Opportunity,37.4
1744,M,39.0,54.7,43.0,Budget,Medium Risk,Medium Opportunity,47.7
1745,F,29.0,32.8,54.0,Budget,Low Risk,Low Opportunity,45.5
1746,M,36.0,57.0,53.0,Budget,Low Risk,Medium Opportunity,54.6
1747,F,29.0,35.9,49.0,Budget,Medium Risk,Low Opportunity,43.8
1748,F,30.0,20.9,78.0,Impulsive,Low Risk,Low Opportunity,55.2
1749,M,24.0,16.9,43.0,Budget,Medium Risk,Low Opportunity,32.6
1750,M,36.0,45.9,64.0,Impulsive,Low Risk,Low Opportunity,56.8
1751,M,40.0,66.0,39.0,Budget,Medium Risk,Medium Opportunity,49.8
1752,M,63.0,95.5,19.0,Potential,High Risk,High Opportunity,49.6
1753,M,36.0,57.2,47.0,Budget,Medium Risk,Medium Opportunity,51.1
1754,M,53.0,75.1,41.0,Potential,Medium Risk,Medium Opportunity,54.6
1755,F,48.0,92.4,23.0,Potential,High Risk,High Opportunity,50.8
1756,F,59.0,90.9,6.0,Potential,High Risk,High Opportunity,40.0
1757,F,76.0,125.5,1.0,Potential,High Risk,High Opportunity,50.8
1758,M,63.0,95.2,9.0,Potential,High Risk,High Opportunity,43.5
1759,F,31.0,41.8,55.0,Budget,Low Risk,Low Opportunity,49.7
1760,F,20.0,15.0,74.0,Impulsive,Low Risk,Low Opportunity,50.4
1761,F,34.0,54.0,38.0,Budget,Medium Risk,Medium Opportunity,44.4
1762,F,55.0,108.3,20.0,Potential,High Risk,High Opportunity,55.3
1763,F,21.0,25.1,52.0,Budget,Low Risk,Low Opportunity,41.2
1764,M,49.0,77.0,31.0,Potential,Medium Risk,High Opportunity,49.4
1765,M,55.0,105.3,16.0,Potential,High Risk,High Opportunity,51.7
1766,F,39.0,47.1,35.0,Budget,Medium Risk,Low Opportunity,39.8
1767,F,66.0,108.2,1.0,Potential,High Risk,High Opportunity,43.9
1768,F,25.0,40.8,67.0,Impulsive,Low Risk,Low Opportunity,56.5
1769,M,23.0,32.6,65.0,Impulsive,Low Risk,Low Opportunity,52.0
1770,M,63.0,90.2,12.0,Potential,High Risk,High Opportunity,43.3
1771,F,49.0,96.9,26.0,Potential,High Risk,High Opportunity,54.4
1772,M,61.0,82.1,15.0,Potential,High Risk,High Opportunity,41.8
1773,,45.0,86.4,45.0,Potential,Medium Risk,Medium Opportunity,61.6
1774,F,33.0,45.6,50.0,Budget,Low Risk,Low Opportunity,48.2
1775,M,69.0,91.8,5.0,Potential,High Risk,High Opportunity,39.7
1776,M,68.0,95.7,14.0,Potential,High Risk,High Opportunity,46.7
1777,F,61.0,90.1,7.0,Potential,High Risk,High Opportunity,40.2
1778,M,35.0,43.2,68.0,Impulsive,Low Risk,Low Opportunity,58.1
1779,M,55.0,81.9,9.0,Potential,High Risk,High Opportunity,38.2
1780,F,40.0,76.4,54.0,Potential,Low Risk,Medium Opportunity,63.0
1781,M,24.0,27.8,54.0,Budget,Low Risk,Low Opportunity,43.5
1782,M,75.0,116.0,1.0,Potential,High Risk,High Opportunity,47.0
1783,F,26.0,23.4,41.0,Budget,Medium Risk,Low Opportunity,34.0
1784,F,77.0,129.6,1.0,Potential,High Risk,High Opportunity,52.4
1785,F,46.0,92.7,17.0,Potential,High Risk,High Opportunity,47.3
1786,M,29.0,30.9,52.0,Budget,Low Risk,Low Opportunity,43.6
1787,F,52.0,90.2,23.0,Potential,High Risk,High Opportunity,49.9
1788,M,72.0,116.1,1.0,Potential,High Risk,High Opportunity,47.0
1789,F,63.0,93.1,13.0,Potential,High Risk,High Opportunity,45.0
1790,M,68.0,103.9,3.0,Potential,High Risk,High Opportunity,43.4
1791,F,59.0,112.5,1.0,Potential,High Risk,High Opportunity,45.6
1792,F,61.0,77.1,11.0,Potential,High Risk,High Opportunity,37.4
1793,F,71.0,120.9,6.0,Potential,High Risk,High Opportunity,52.0
1794,F,33.0,42.6,45.0,Budget,Medium Risk,Low Opportunity,44.0
1795,M,48.0,84.3,46.0,Potential,Medium Risk,Medium Opportunity,61.3
1796,F,32.0,39.5,52.0,Budget,Low Risk,Low Opportunity,47.0
1797,F,79.0,124.5,1.0,Potential,High Risk,High Opportunity,50.4
1798,M,77.0,107.4,1.0,Potential,High Risk,High Opportunity,43.6
1799,F,20.0,30.6,68.0,Impulsive,Low Risk,Low Opportunity,53.0
1800,M,62.0,94.5,11.0,Potential,High Risk,High Opportunity,44.4
1801,F,75.0,121.1,1.0,Potential,High Risk,High Opportunity,49.0
1802,F,29.0,42.4,52.0,Budget,Low Risk,Low Opportunity,48.2
1803,F,53.0,92.6,26.0,Potential,High Risk,High Opportunity,52.6
1804,M,75.0,121.4,1.0,Potential,High Risk,High Opportunity,49.2
1805,F,20.0,16.5,61.0,Impulsive,Low Risk,Low Opportunity,43.2
1806,F,61.0,99.2,17.0,Potential,High Risk,High Opportunity,49.9
1807,F,36.0,30.4,74.0,Impulsive,Low Risk,Low Opportunity,56.6
1808,M,75.0,116.8,1.0,Potential,High Risk,High Opportunity,47.3
1809,M,78.0,118.2,1.0,Potential,High Risk,High Opportunity,47.9
1810,F,77.0,124.7,1.0,Potential,High Risk,High Opportunity,50.5
1811,M,47.0,93.4,1.0,Potential,High Risk,High Opportunity,38.0
1812,F,71.0,104.7,1.0,Potential,High Risk,High Opportunity,42.5
1813,F,70.0,102.9,1.0,Potential,High Risk,High Opportunity,41.8
1814,F,38.0,50.1,44.0,Budget,Medium Risk,Medium Opportunity,46.4
1815,F,69.0,99.6,2.0,Potential,High Risk,High Opportunity,41.0
1816,F,20.0,25.3,57.0,Budget,Low Risk,Low Opportunity,44.3
1817,F,55.0,102.0,28.0,Potential,High Risk,High Opportunity,57.6
1818,F,32.0,16.9,64.0,Impulsive,Low Risk,Low Opportunity,45.2
1819,M,25.0,24.6,52.0,Budget,Low Risk,Low Opportunity,41.0
1820,M,23.0,15.7,73.0,Impulsive,Low Risk,Low Opportunity,50.1
1821,M,61.0,79.3,17.0,Potential,High Risk,High Opportunity,41.9
1822,M,39.0,42.9,56.0,Budget,Low Risk,Low Opportunity,50.8
1823,M,63.0,96.9,5.0,Potential,High Risk,High Opportunity,41.8
1824,M,22.0,32.8,49.0,Budget,Medium Risk,Low Opportunity,42.5
1825,M,38.0,53.5,48.0,Budget,Medium Risk,Medium Opportunity,50.2
1826,F,51.0,79.0,30.0,Potential,Medium Risk,High Opportunity,49.6
1827,F,67.0,106.8,5.0,Potential,High Risk,High Opportunity,45.7
1828,F,38.0,47.3,47.0,Budget,Medium Risk,Low Opportunity,47.1
1829,F,57.0,100.3,1.0,Potential,High Risk,High Opportunity,40.7
1830,M,73.0,104.8,1.0,Potential,High Risk,High Opportunity,42.5
1831,M,56.0,79.3,33.0,Potential,Medium Risk,High Opportunity,51.5
1832,F,32.0,37.1,52.0,Budget,Low Risk,Low Opportunity,46.0
1833,F,20.0,19.9,58.0,Budget,Low Risk,Low Opportunity,42.8
1834,M,72.0,111.4,1.0,Potential,High Risk,High Opportunity,45.2
1835,F,19.0,15.0,54.0,Budget,Low Risk,Low Opportunity,38.4
1836,F,72.0,104.6,1.0,Potential,High Risk,High Opportunity,42.4
1837,F,51.0,93.9,22.0,Potential,High Risk,High Opportunity,50.8
1838,F,76.0,108.9,1.0,Potential,High Risk,High Opportunity,44.2
1839,M,68.0,111.2,1.0,Potential,High Risk,High Opportunity,45.1
1840,F,80.0,118.6,1.0,Potential,High Risk,High Opportunity,48.0
1841,F,40.0,74.0,43.0,Potential,Medium Risk,Medium Opportunity,55.4
1842,M,66.0,89.7,8.0,Potential,High Risk,High Opportunity,40.7
1843,M,43.0,71.9,41.0,Potential,Medium Risk,Medium Opportunity,53.4
1844,F,48.0,101.9,41.0,Potential,Medium Risk,Medium Opportunity,65.4
1845,M,57.0,104.4,10.0,Potential,High Risk,High Opportunity,47.8
1846,F,72.0,120.0,1.0,Potential,High Risk,High Opportunity,48.6
1847,F,79.0,129.0,1.0,Potential,High Risk,High Opportunity,52.2
1848,M,66.0,92.6,1.0,Potential,High Risk,High Opportunity,37.6
1849,F,44.0,81.0,28.0,Potential,High Risk,High Opportunity,49.2
1850,F,44.0,59.5,37.0,Budget,Medium Risk,Medium Opportunity,46.0
1851,F,64.0,108.4,7.0,Potential,High Risk,High Opportunity,47.6
1852,F,33.0,32.4,80.0,Impulsive,Low Risk,Low Opportunity,61.0
1853,M,25.0,34.7,48.0,Budget,Medium Risk,Low Opportunity,42.7
1854,M,40.0,74.6,34.0,Potential,Medium Risk,High Opportunity,50.2
1855,F,36.0,62.0,44.0,Budget,Medium Risk,Medium Opportunity,51.2
1856,M,36.0,44.1,56.0,Budget,Low Risk,Low Opportunity,51.2
1857,F,32.0,45.9,54.0,Budget,Low Risk,Low Opportunity,50.8
1858,F,21.0,38.7,66.0,Impulsive,Low Risk,Low Opportunity,55.1
1859,F,19.0,15.0,37.0,Budget,Medium Risk,Low Opportunity,28.2
1860,F,79.0,112.5,1.0,Potential,High Risk,High Opportunity,45.6
1861,F,45.0,60.3,36.0,Budget,Medium Risk,Medium Opportunity,45.7
1862,M,42.0,81.0,46.0,Potential,Medium Risk,Medium Opportunity,60.0
1863,F,60.0,90.6,1.0,Potential,High Risk,High Opportunity,36.8
1864,M,32.0,37.2,25.0,Budget,Medium Risk,Low Opportunity,29.9
1865,M,77.0,124.7,1.0,Potential,High Risk,High Opportunity,50.5
1866,F,67.0,104.7,3.0,Potential,High Risk,High Opportunity,43.7
1867,F,24.0,29.2,47.0,Budget,Medium Risk,Low Opportunity,39.9
1868,F,44.0,82.2,23.0,Potential,High Risk,High Opportunity,46.7
1869,F,73.0,124.2,1.0,Potential,High Risk,High Opportunity,50.3
1870,F,77.0,113.6,1.0,Potential,High Risk,High Opportunity,46.0
1871,M,47.0,79.1,26.0,Potential,High Risk,High Opportunity,47.2
1872,F,56.0,99.6,22.0,Potential,High Risk,High Opportunity,53.0
1873,F,28.0,39.6,26.0,Budget,Medium Risk,Low Opportunity,31.4
1874,M,79.0,132.0,1.0,Potential,High Risk,High Opportunity,53.4
1875,M,32.0,43.8,41.0,Budget,Medium Risk,Low Opportunity,42.1
1876,F,76.0,128.9,1.0,Potential,High Risk,High Opportunity,52.2
1877,M,58.0,95.6,11.0,Potential,High Risk,High Opportunity,44.8
1878,F,56.0,116.1,18.0,Potential,High Risk,High Opportunity,57.2
1879,M,50.0,97.5,4.0,Potential,High Risk,High Opportunity,41.4
1880,M,32.0,46.1,52.0,Budget,Low Risk,Low Opportunity,49.6
1881,F,29.0,49.1,56.0,Budget,Low Risk,Low Opportunity,53.2
1882,M,32.0,26.9,78.0,Impulsive,Low Risk,Low Opportunity,57.6
1883,M,30.0,32.4,52.0,Budget,Low Risk,Low Opportunity,44.2
1884,M,66.0,95.5,9.0,Potential,High Risk,High Opportunity,43.6
1885,M,40.0,74.1,20.0,Potential,High Risk,High Opportunity,41.6
1886,M,22.0,15.0,39.0,Budget,Medium Risk,Low Opportunity,29.4
1887,M,78.0,129.1,1.0,Potential,High Risk,High Opportunity,52.2
1888,F,73.0,125.0,1.0,Potential,High Risk,High Opportunity,50.6
1889,F,76.0,125.0,1.0,Potential,High Risk,High Opportunity,50.6
1890,M,80.0,128.9,1.0,Potential,High Risk,High Opportunity,52.2
1891,F,29.0,,64.0,Budget,Low Risk,Low Opportunity,
1892,F,43.0,75.3,55.0,Potential,Low Risk,Medium Opportunity,63.1
1893,F,65.0,109.6,6.0,Potential,High Risk,High Opportunity,47.4
1894,M,61.0,98.6,14.0,Potential,High Risk,High Opportunity,47.8
1895,F,28.0,32.7,57.0,Budget,Low Risk,Low Opportunity,47.3
1896,M,69.0,103.5,1.0,Potential,High Risk,High Opportunity,42.0
1897,F,32.0,24.0,74.0,Impulsive,Low Risk,Low Opportunity,54.0
1898,M,32.0,31.6,51.0,Budget,Low Risk,Low Opportunity,43.2
1899,M,51.0,109.2,23.0,Potential,High Risk,High Opportunity,57.5
1900,F,55.0,80.3,10.0,Potential,High Risk,High Opportunity,38.1
1901,F,54.0,100.0,7.0,Potential,High Risk,High Opportunity,44.2
1902,M,24.0,33.9,70.0,Impulsive,Low Risk,Low Opportunity,55.6
1903,F,72.0,102.2,1.0,Potential,High Risk,High Opportunity,41.5
1904,F,34.0,45.3,66.0,Impulsive,Low Risk,Low Opportunity,57.7
1905,F,26.0,36.9,54.0,Budget,Low Risk,Low Opportunity,47.2
1906,M,73.0,114.1,1.0,Potential,High Risk,High Opportunity,46.2
1907,M,77.0,144.1,1.0,Potential,High Risk,High Opportunity,58.2
1908,F,71.0,97.1,1.0,Potential,High Risk,High Opportunity,39.4
1909,F,68.0,113.5,3.0,Potential,High Risk,High Opportunity,47.2
1910,F,59.0,110.5,9.0,Potential,High Risk,High Opportunity,49.6
1911,M,52.0,97.9,6.0,Potential,High Risk,High Opportunity,42.8
1912,M,23.0,27.5,60.0,Budget,Low Risk,Low Opportunity,47.0
1913,F,43.0,62.5,64.0,Impulsive,Low Risk,Low Opportunity,63.4
1914,F,41.0,72.3,44.0,Potential,Medium Risk,Medium Opportunity,55.3
1915,F,34.0,28.9,58.0,Budget,Low Risk,Low Opportunity,46.4
1916,F,63.0,100.8,19.0,Potential,High Risk,High Opportunity,51.7
1917,F,49.0,95.7,27.0,Potential,High Risk,High Opportunity,54.5
1918,F,23.0,29.1,59.0,Budget,Low Risk,Low Opportunity,47.0
1919,M,32.0,48.7,40.0,Budget,Medium Risk,Low Opportunity,43.5
1920,F,60.0,102.3,13.0,Potential,High Risk,High Opportunity,48.7
1921,M,23.0,25.2,69.0,Impulsive,Low Risk,Low Opportunity,51.5
1922,F,71.0,103.4,1.0,Potential,High Risk,High Opportunity,42.0
1923,F,49.0,78.0,46.0,Potential,Medium Risk,Medium Opportunity,58.8
1924,M,48.0,80.5,30.0,Potential,Medium Risk,High Opportunity,50.2
1925,M,55.0,109.1,5.0,Potential,High Risk,High Opportunity,46.6
1926,M,69.0,104.9,8.0,Potential,High Risk,High Opportunity,46.8
1927,M,40.0,72.0,36.0,Potential,Medium Risk,High Opportunity,50.4
1928,F,60.0,104.5,18.0,Potential,High Risk,High Opportunity,52.6
1929,M,53.0,97.0,18.0,Potential,High Risk,High Opportunity,49.6
1930,F,35.0,50.9,49.0,Budget,Medium Risk,Medium Opportunity,49.8
1931,M,72.0,127.7,1.0,Potential,High Risk,High Opportunity,51.7
1932,F,67.0,96.2,7.0,Potential,High Risk,High Opportunity,42.7
1933,F,59.0,102.4,1.0,Potential,High Risk,High Opportunity,41.6
1934,F,71.0,112.3,1.0,Potential,High Risk,High Opportunity,45.5
1935,F,72.0,117.4,1.0,Potential,High Risk,High Opportunity,47.6
1936,F,62.0,,11.0,Budget,Medium Risk,Low Opportunity,
1937,F,70.0,101.6,1.0,Potential,High Risk,High Opportunity,41.2
1938,M,61.0,99.5,1.0,Potential,High Risk,High Opportunity,40.4
1939,F,60.0,111.5,1.0,Potential,High Risk,High Opportunity,45.2
1940,M,56.0,85.6,2.0,Potential,High Risk,High Opportunity,35.4
1941,M,65.0,110.4,1.0,Potential,High Risk,High Opportunity,44.8
1942,F,28.0,42.4,47.0,Budget,Medium Risk,Low Opportunity,45.2
1943,M,73.0,115.1,1.0,Potential,High Risk,High Opportunity,46.6
1944,F,72.0,112.8,1.0,Potential,High Risk,High Opportunity,45.7
1945,M,20.0,23.0,62.0,Impulsive,Low Risk,Low Opportunity,46.4
1946,F,69.0,99.9,21.0,Potential,High Risk,High Opportunity,52.6
1947,M,26.0,29.6,43.0,Budget,Medium Risk,Low Opportunity,37.6
1948,F,39.0,35.6,66.0,Impulsive,Low Risk,Low Opportunity,53.8
1949,F,64.0,104.8,15.0,Potential,High Risk,High Opportunity,50.9
1950,F,28.0,20.5,54.0,Budget,Low Risk,Low Opportunity,40.6
1951,F,69.0,118.8,1.0,Potential,High Risk,High Opportunity,48.1
1952,M,70.0,106.0,1.0,Potential,High Risk,High Opportunity,43.0
1953,F,49.0,82.8,32.0,Potential,Medium Risk,High Opportunity,52.3
1954,M,18.0,15.0,76.0,Impulsive,Low Risk,Low Opportunity,51.6
1955,M,36.0,45.1,57.0,Budget,Low Risk,Low Opportunity,52.2
1956,M,56.0,118.4,14.0,Potential,High Risk,High Opportunity,55.8
1957,F,79.0,104.9,1.0,Potential,High Risk,High Opportunity,42.6
1958,M,57.0,110.8,1.0,Potential,High Risk,High Opportunity,44.9
1959,M,34.0,46.5,49.0,Budget,Medium Risk,Low Opportunity,48.0
1960,M,57.0,86.4,33.0,Potential,Medium Risk,High Opportunity,54.4
1961,F,51.0,83.4,13.0,Potential,High Risk,High Opportunity,41.2
1962,F,66.0,114.8,1.0,Potential,High Risk,High Opportunity,46.5
1963,M,25.0,20.0,63.0,Impulsive,Low Risk,Low Opportunity,45.8
1964,F,65.0,90.4,1.0,Potential,High Risk,High Opportunity,36.8
1965,F,52.0,92.8,15.0,Potential,High Risk,High Opportunity,46.1
1966,M,78.0,125.7,1.0,Potential,High Risk,High Opportunity,50.9
1967,M,39.0,45.3,37.0,Budget,Medium Risk,Low Opportunity,40.3
1968,F,57.0,100.0,6.0,Potential,High Risk,High Opportunity,43.6
1969,M,76.0,111.2,1.0,Potential,High Risk,High Opportunity,45.1
1970,F,24.0,34.6,42.0,Budget,Medium Risk,Low Opportunity,39.0
1971,F,76.0,127.9,1.0,Potential,High Risk,High Opportunity,51.8
1972,F,61.0,96.7,6.0,Potential,High Risk,High Opportunity,42.3
1973,F,22.0,25.1,66.0,Impulsive,Low Risk,Low Opportunity,49.6
1974,F,37.0,63.3,42.0,Budget,Medium Risk,Medium Opportunity,50.5
1975,F,62.0,94.2,7.0,Potential,High Risk,High Opportunity,41.9
1976,M,22.0,15.0,63.0,Impulsive,Low Risk,Low Opportunity,43.8
1977,M,54.0,107.4,1.0,Potential,High Risk,High Opportunity,43.6
1978,F,39.0,69.5,46.0,Budget,Medium Risk,Medium Opportunity,55.4
1979,F,56.0,92.8,23.0,Potential,High Risk,High Opportunity,50.9
1980,F,21.0,17.5,57.0,Budget,Low Risk,Low Opportunity,41.2
1981,M,72.0,115.5,1.0,Potential,High Risk,High Opportunity,46.8
1982,F,78.0,122.6,1.0,Potential,High Risk,High Opportunity,49.6
1983,M,78.0,115.1,1.0,Potential,High Risk,High Opportunity,46.6
1984,F,64.0,106.8,6.0,Potential,High Risk,High Opportunity,46.3
1985,F,26.0,48.0,47.0,Budget,Medium Risk,Low Opportunity,47.4
1986,M,65.0,101.2,5.0,Potential,High Risk,High Opportunity,43.5
1987,M,20.0,15.0,61.0,Impulsive,Low Risk,Low Opportunity,42.6
1988,F,19.0,15.0,74.0,Impulsive,Low Risk,Low Opportunity,50.4
1989,F,38.0,53.1,37.0,Budget,Medium Risk,Medium Opportunity,43.4
1990,F,48.0,92.8,19.0,Potential,High Risk,High Opportunity,48.5
1991,M,66.0,105.2,12.0,Potential,High Risk,High Opportunity,49.3
1992,M,60.0,100.1,6.0,Potential,High Risk,High Opportunity,43.6
1993,M,46.0,73.8,44.0,Potential,Medium Risk,Medium Opportunity,55.9
1994,M,35.0,36.9,72.0,Impulsive,Low Risk,Low Opportunity,58.0
1995,M,80.0,133.3,1.0,Potential,High Risk,High Opportunity,53.9
1996,M,44.0,82.6,40.0,Potential,Medium Risk,Medium Opportunity,57.0
1997,F,46.0,67.7,26.0,Budget,High Risk,Medium Opportunity,42.7
1998,F,28.0,45.7,59.0,Budget,Low Risk,Low Opportunity,53.7
1999,M,67.0,107.8,1.0,Potential,High Risk,High Opportunity,43.7
